{
    "K": [
        [
            1381.3392482455934,
            0.0,
            960.0929921554908
        ],
        [
            0.0,
            1371.1483724941525,
            528.4271331811796
        ],
        [
            0.0,
            0.0,
            1.0
        ]
    ],
    "D": [
        [
            -0.1053949866039915,
            0.41333130627113523,
            -0.00033639497546632534,
            -0.0002673022187375246,
            -0.49651146733992224
        ]
    ]
}