{
    "K": [
        [
            1371.8647023391634,
            0.0,
            928.0738243140886
        ],
        [
            0.0,
            1360.538049818581,
            486.9901000188482
        ],
        [
            0.0,
            0.0,
            1.0
        ]
    ],
    "D": [
        [
            -0.053004548176417005,
            0.23452000905885614,
            -0.0008455061296745071,
            -0.0034463526715989958,
            -0.3036647116030907
        ]
    ]
}